{"cameraMode":{"drawMode":0,"name":"Shaded","section":"Shading Mode"},"sceneLighting":true,"audioPlay":false,"sceneViewState":{"showFog":true,"showMaterialUpdate":false,"showSkybox":true,"showFlares":true,"showImageEffects":true,"showParticleSystems":true},"in2DMode":false,"pivot":{"x":14.154572486877442,"y":1.397499918937683,"z":5.180859088897705},"rotation":{"x":-0.2635745406150818,"y":0.45615220069885256,"z":-0.14351186156272889,"w":-0.8377720713615418},"size":5.414595603942871,"orthographic":false}